,headings
0,"
Alex

"
1,"
Elliott

"
2,"
Harvey

"
3,"
Sam

"
4,"
Sebastian

"
5,"
Shane

"
6,"
Abigail

"
7,"
Emily

"
8,"
Haley

"
9,"
Leah

"
10,"
Maru

"
11,"
Penny

"
12,"
Caroline

"
13,"
Clint

"
14,"
Demetrius

"
15,"
Dwarf

"
16,"
Evelyn

"
17,"
George

"
18,"
Gus

"
19,"
Jas

"
20,"
Jodi

"
21,"
Kent

"
22,"
Krobus

"
23,"
Leo

"
24,"
Lewis

"
25,"
Linus

"
26,"
Marnie

"
27,"
Pam

"
28,"
Pierre

"
29,"
Robin

"
30,"
Sandy

"
31,"
Vincent

"
32,"
Willy

"
33,"
Wizard

"
34,"
Birdie

"
35,"
Bouncer

"
36,"
Fizz

"
37,"
Gil

"
38,"
Governor

"
39,"
Grandpa

"
40,"
Gunther

"
41,"
Henchman

"
42,"
Marlon

"
43,"
Morris

"
44,"
Mr. Qi

"
45,"
Professor Snail

"
